iter	RMSE
0	0.4972603828
1	0.496520148
2	0.4948392168
3	0.4918391478
4	0.4901496483
