iter	Logloss
0	0.6882556661
1	0.6863322957
2	0.6817569987
3	0.6785366821
4	0.6744667562
